{
    "model": "FeaturedItem",
    "presets": [
        {
            "label": "Feature carousel item",
            "locale": null,
            "data": {
                "title": "Business Consulting",
                "tagline": "Feature 2",
                "subtitle": "Be in good company",
                "text": "Sed ut perspiciatis unde omnis iste natus error sit voluptatem accusantium doloremque laudantium, totam rem aperiam, eaque ipsa quae. explicabo.",
                "image": {
                    "url": "/images/img-placeholder.svg",
                    "altText": "Business consulting",
                    "elementId": "",
                    "styles": {
                        "self": {
                            "borderRadius": "medium"
                        }
                    },
                    "$$type": "ImageBlock"
                },
                "actions": [],
                "elementId": null,
                "colors": "bg-dark-fg-light",
                "styles": {
                    "self": {
                        "padding": [
                            "pt-9",
                            "pb-9",
                            "pl-9",
                            "pr-9"
                        ],
                        "textAlign": "left",
                        "borderRadius": "large",
                        "flexDirection": "row",
                        "justifyContent": "center"
                    }
                }
            },
            "thumbnail": "images/featured-item-feature-carousel-item-8cb4.png"
        }
    ]
}
