{
    "model": "FeaturedItemsSection",
    "presets": [
        {
            "label": "Features grid",
            "locale": null,
            "data": {
                "title": {
                    "text": "List of features here",
                    "color": "text-primary",
                    "styles": {
                        "self": {
                            "textAlign": "center"
                        }
                    },
                    "$$type": "TitleBlock"
                },
                "subtitle": "Featured items section subtitle",
                "items": [
                    {
                        "title": "Feature Item One",
                        "tagline": "This is the tagline",
                        "subtitle": "This is the item subtitle",
                        "text": "Follow the tutorial to build your first Netlify site.\n",
                        "image": {
                            "url": "/images/abstract-feature1.svg",
                            "altText": "Placeholder image",
                            "elementId": null,
                            "styles": {
                                "self": {
                                    "borderRadius": "x-large"
                                }
                            },
                            "$$type": "ImageBlock"
                        },
                        "actions": [],
                        "elementId": null,
                        "colors": "bg-light-fg-dark",
                        "styles": {
                            "self": {
                                "padding": [
                                    "pt-8",
                                    "pl-8",
                                    "pb-8",
                                    "pr-8"
                                ],
                                "borderRadius": "x-large",
                                "flexDirection": "col"
                            }
                        },
                        "$$type": "FeaturedItem"
                    },
                    {
                        "title": "Feature Item Two",
                        "tagline": "This is the tagline",
                        "subtitle": "This is the item subtitle",
                        "text": "Follow the tutorial to build your first awesome Netlify site.\n",
                        "image": {
                            "url": "/images/abstract-feature2.svg",
                            "altText": "Placeholder image",
                            "elementId": null,
                            "styles": {
                                "self": {
                                    "borderRadius": "x-large"
                                }
                            },
                            "$$type": "ImageBlock"
                        },
                        "actions": [],
                        "elementId": null,
                        "colors": "bg-light-fg-dark",
                        "styles": {
                            "self": {
                                "padding": [
                                    "pt-8",
                                    "pl-8",
                                    "pb-8",
                                    "pr-8"
                                ],
                                "borderRadius": "x-large",
                                "flexDirection": "col"
                            }
                        },
                        "$$type": "FeaturedItem"
                    },
                    {
                        "title": "Feature Item Three",
                        "tagline": "This is the tagline",
                        "subtitle": "This is the item subtitle",
                        "text": "Learn from the tutorial and build your first awesome Netlify site.\n",
                        "image": {
                            "url": "/images/abstract-feature3.svg",
                            "altText": "Placeholder image",
                            "elementId": null,
                            "styles": {
                                "self": {
                                    "borderRadius": "x-large"
                                }
                            },
                            "$$type": "ImageBlock"
                        },
                        "actions": [],
                        "elementId": null,
                        "colors": "bg-light-fg-dark",
                        "styles": {
                            "self": {
                                "padding": [
                                    "pt-8",
                                    "pl-8",
                                    "pb-8",
                                    "pr-8"
                                ],
                                "borderRadius": "x-large",
                                "flexDirection": "col"
                            }
                        },
                        "$$type": "FeaturedItem"
                    }
                ],
                "actions": [],
                "badge": null,
                "elementId": null,
                "variant": "three-col-grid",
                "colors": "bg-neutral-fg-dark",
                "backgroundImage": null,
                "styles": {
                    "self": {
                        "padding": [
                            "pt-16",
                            "pl-8",
                            "pb-16",
                            "pr-8"
                        ],
                        "justifyContent": "center"
                    },
                    "subtitle": {
                        "textAlign": "center"
                    }
                }
            },
            "thumbnail": "images/featured-items-section-features-grid-bf42.png"
        }
    ]
}
