{
    "model": "PageLayout",
    "presets": [
        {
            "label": "Pricing",
            "locale": null,
            "data": {
                "title": "Pricing",
                "slug": "pricing",
                "sections": [
                    {
                        "title": {
                            "text": "Flexible Pricing",
                            "color": "text-dark",
                            "styles": {
                                "self": {
                                    "textAlign": "center"
                                }
                            },
                            "$$type": "TitleBlock"
                        },
                        "subtitle": "This is the subtitle for the pricing section",
                        "plans": [
                            {
                                "title": "Developers",
                                "price": "Free",
                                "details": "No credit card required",
                                "description": "Sed ut perspiciatis unde omnis, iste natus error sit voluptatem accusantium doloremque.",
                                "features": [
                                    "Feature one",
                                    "Feature two",
                                    "Feature three",
                                    "Feature four"
                                ],
                                "image": {
                                    "url": "/images/abstract-feature1.svg",
                                    "altText": "Pricing plan 1",
                                    "elementId": null,
                                    "styles": null,
                                    "$$type": "ImageBlock"
                                },
                                "actions": [
                                    {
                                        "label": "Try for free",
                                        "altText": null,
                                        "url": "/",
                                        "showIcon": null,
                                        "icon": "arrowRight",
                                        "iconPosition": "right",
                                        "style": "secondary",
                                        "elementId": null,
                                        "$$type": "Button"
                                    }
                                ],
                                "elementId": null,
                                "colors": "bg-neutral-fg-dark",
                                "styles": {
                                    "self": {
                                        "padding": [
                                            "pt-6",
                                            "pb-10",
                                            "pl-6",
                                            "pr-6"
                                        ],
                                        "borderRadius": "large"
                                    }
                                },
                                "$$type": "PricingPlan"
                            },
                            {
                                "title": "Professional",
                                "price": "$99",
                                "details": "per month",
                                "description": "Sed ut perspiciatis unde omnis, iste natus error sit voluptatem accusantium doloremque.",
                                "features": [
                                    "Feature one",
                                    "Feature two",
                                    "Feature three",
                                    "Feature four"
                                ],
                                "image": {
                                    "url": "/images/abstract-feature2.svg",
                                    "altText": "Pricing plan 2",
                                    "elementId": null,
                                    "styles": null,
                                    "$$type": "ImageBlock"
                                },
                                "actions": [
                                    {
                                        "label": "Try for free",
                                        "altText": null,
                                        "url": "/",
                                        "showIcon": null,
                                        "icon": "arrowRight",
                                        "iconPosition": "right",
                                        "style": "secondary",
                                        "elementId": null,
                                        "$$type": "Button"
                                    }
                                ],
                                "elementId": null,
                                "colors": "bg-neutral-fg-dark",
                                "styles": {
                                    "self": {
                                        "padding": [
                                            "pt-6",
                                            "pb-10",
                                            "pl-6",
                                            "pr-6"
                                        ],
                                        "borderRadius": "large"
                                    }
                                },
                                "$$type": "PricingPlan"
                            },
                            {
                                "title": "Enterprise",
                                "price": "Custom",
                                "details": "per month",
                                "description": "Sed ut perspiciatis unde omnis iste natus error sit voluptatem accusantium doloremque laudantium, totam rem aperiam.",
                                "features": [
                                    "Feature one",
                                    "Feature two",
                                    "Feature three",
                                    "Feature four",
                                    "Feature five"
                                ],
                                "image": {
                                    "url": "/images/abstract-feature3.svg",
                                    "altText": "Pricing plan 3",
                                    "elementId": null,
                                    "styles": null,
                                    "$$type": "ImageBlock"
                                },
                                "actions": [
                                    {
                                        "label": "Contact us",
                                        "altText": null,
                                        "url": "/",
                                        "showIcon": null,
                                        "icon": "arrowRight",
                                        "iconPosition": "right",
                                        "style": "secondary",
                                        "elementId": null,
                                        "$$type": "Button"
                                    }
                                ],
                                "elementId": null,
                                "colors": "bg-neutral-fg-dark",
                                "styles": {
                                    "self": {
                                        "padding": [
                                            "pt-6",
                                            "pb-10",
                                            "pl-6",
                                            "pr-6"
                                        ],
                                        "borderRadius": "large"
                                    }
                                },
                                "$$type": "PricingPlan"
                            }
                        ],
                        "badge": null,
                        "elementId": null,
                        "colors": "bg-light-fg-dark",
                        "backgroundImage": null,
                        "styles": {
                            "self": {
                                "justifyContent": "center"
                            },
                            "subtitle": {
                                "textAlign": "center"
                            }
                        },
                        "$$type": "PricingSection"
                    }
                ],
                "isDraft": null,
                "seo": {
                    "metaTitle": "Pricing - Demo site",
                    "metaDescription": "This is the pricing page built with Netlify Create.",
                    "addTitleSuffix": null,
                    "socialImage": "/images/main-hero.jpg",
                    "metaTags": [],
                    "$$type": "Seo"
                },
                "markdown_content": ""
            },
            "thumbnail": "images/page-layout-pricing-91fd.png"
        }
    ]
}
