{
    "model": "PostLayout",
    "presets": [
        {
            "label": "Post with CTA",
            "locale": null,
            "data": {
                "title": "This is a blog post with a CTA",
                "slug": "this-is-a-blog-post-with-related-posts",
                "date": "2022-10-10",
                "author": {
                    "$$ref": "content/data/person1.json",
                    "$$type": "Person"
                },
                "excerpt": "Facilisis dui. Nulla molestie risus in mi dapibus, eget porta lorem semper. Donec sed facilisis nibh.",
                "featuredImage": {
                    "url": "/images/abstract-feature1.svg",
                    "altText": "Thumbnail",
                    "elementId": "",
                    "styles": {
                        "self": {
                            "padding": ["pt-0", "pl-0", "pb-0", "pr-0"]
                        }
                    },
                    "$$type": "ImageBlock"
                },
                "content": null,
                "bottomSections": [
                    {
                        "title": "Divider",
                        "elementId": "",
                        "colors": "bg-light-fg-dark",
                        "styles": {
                            "self": {
                                "padding": ["pt-3", "pl-3", "pb-3", "pr-3"]
                            }
                        },
                        "$$type": "DividerSection"
                    },
                    {
                        "title": {
                            "text": "How can we help?",
                            "color": "text-dark",
                            "styles": null,
                            "$$type": "TitleBlock"
                        },
                        "subtitle": "Section with a form subtitle",
                        "text": "Aenean eros ipsum, interdum quis dignissim non, sollicitudin vitae nisl.\nAenean vel aliquet elit, at blandit ipsum. Sed eleifend felis sit amet\nerat molestie, hendrerit malesuada justo ultrices. Nunc volutpat at erat\nvitae interdum. Ut nec massa eget lorem blandit condimentum et at risus.",
                        "actions": [],
                        "media": {
                            "fields": [
                                {
                                    "name": "name",
                                    "label": "Name",
                                    "hideLabel": true,
                                    "placeholder": "Your name",
                                    "isRequired": true,
                                    "width": "full",
                                    "$$type": "TextFormControl"
                                },
                                {
                                    "name": "email",
                                    "label": "Email",
                                    "hideLabel": true,
                                    "placeholder": "Your email",
                                    "isRequired": true,
                                    "width": "full",
                                    "$$type": "EmailFormControl"
                                },
                                {
                                    "name": "message",
                                    "label": "Message",
                                    "hideLabel": true,
                                    "placeholder": "Your message",
                                    "isRequired": null,
                                    "width": "full",
                                    "$$type": "TextareaFormControl"
                                }
                            ],
                            "submitButton": {
                                "label": "Submit",
                                "showIcon": null,
                                "icon": "arrowRight",
                                "iconPosition": "right",
                                "style": "primary",
                                "elementId": null,
                                "$$type": "SubmitButtonFormControl"
                            },
                            "elementId": "contact-form",
                            "styles": {
                                "self": {
                                    "padding": ["pt-6", "pb-6", "pl-6", "pr-6"],
                                    "borderColor": "border-dark",
                                    "borderStyle": "solid",
                                    "borderWidth": 1,
                                    "borderRadius": "large"
                                }
                            },
                            "$$type": "FormBlock"
                        },
                        "badge": null,
                        "elementId": null,
                        "colors": "bg-light-fg-dark",
                        "backgroundImage": null,
                        "styles": null,
                        "$$type": "GenericSection"
                    }
                ],
                "isFeatured": false,
                "isDraft": false,
                "seo": {
                    "metaTitle": "lorem-ipsum",
                    "metaDescription": "lorem-ipsum",
                    "addTitleSuffix": false,
                    "socialImage": null,
                    "metaTags": [],
                    "$$type": "Seo"
                },
                "colors": "bg-light-fg-dark",
                "styles": {
                    "self": {
                        "flexDirection": "row"
                    }
                },
                "markdown_content": "Etiam facilisis lacus nec pretium lobortis. Praesent dapibus justo non efficitur efficitur. Nullam viverra justo arcu, eget egestas tortor pretium id. Sed imperdiet mattis eleifend. Vivamus suscipit et neque imperdiet venenatis.\n\n> Vestibulum ullamcorper risus auctor eleifend consequat.\n\nIn malesuada sed urna eget vehicula. Donec fermentum tortor sit amet nisl elementum fringilla. Pellentesque dapibus suscipit faucibus. Nullam malesuada sed urna quis rutrum. Donec facilisis lorem id maximus mattis. Vestibulum quis elit magna. Vestibulum accumsan blandit consequat. Phasellus quis posuere quam.\n\nVivamus mollis in tellus ac ullamcorper. Vestibulum sit amet bibendum ipsum, vitae rutrum ex. Nullam cursus, urna et dapibus aliquam, urna leo euismod metus, eu luctus justo mi eget mauris. Proin felis leo, volutpat et purus in, lacinia luctus eros. Pellentesque lobortis massa scelerisque lorem ullamcorper, sit amet elementum nulla scelerisque. In volutpat efficitur nulla, aliquam ornare lectus ultricies ac. Mauris sagittis ornare dictum. Nulla vel felis ut purus fermentum pretium. Sed id lectus ac diam aliquet venenatis. Etiam ac auctor enim. Nunc velit mauris, viverra vel orci ut, egestas rhoncus diam. Morbi scelerisque nibh tellus, vel varius urna malesuada sed. Etiam ultricies sem consequat, posuere urna non, maximus ex. Mauris gravida diam sed augue condimentum pulvinar vel ac dui. Integer vel convallis justo.\n"
            },
            "thumbnail": "images/post-layout-post-with-cta-050e.png"
        }
    ]
}
