{
    "model": "VideoBlock",
    "presets": [
        {
            "label": "Default video",
            "locale": null,
            "data": {
                "title": "Title of the video",
                "url": "/images/placeholder-video.mp4",
                "autoplay": true,
                "loop": true,
                "muted": true,
                "controls": false,
                "aspectRatio": "16:9",
                "elementId": null,
                "styles": {
                    "self": {
                        "padding": [
                            "pt-2",
                            "pb-2",
                            "pl-2",
                            "pr-2"
                        ],
                        "borderColor": "border-dark",
                        "borderStyle": "solid",
                        "borderWidth": 1,
                        "borderRadius": "large"
                    }
                }
            },
            "thumbnail": "images/video-block-default-video-a440.png"
        }
    ]
}
